titre,lien,date,pertinent,score,raison,categorie
"Firecrawl + n8n: real-time web data for your AI workflows","https://blog.n8n.io/firecrawl-n8n-real-time-web-data-for-your-ai-workflows/","Thu, 26 Mar 2026 13:51:48 GMT",true,9,"Article sur Cursor, un IDE AI-native majeur, et son financement pour développer des fonctionnalités d'IA avancées pour la programmation.","IDE"
"Firecrawl + n8n: real-time web data for your AI workflows","https://blog.n8n.io/firecrawl-n8n-real-time-web-data-for-your-ai-workflows/","Thu, 26 Mar 2026 13:51:48 GMT",true,9,"Article sur Cursor, un IDE AI-native majeur, avec focus sur le financement et le développement de features IA pour la programmation.","IDE"
"Vibe-Coded Ext4 for OpenBSD","https://lwn.net/SubscriberLink/1064541/1a399d572a046fb9/","Fri, 27 Mar 2026 18:51:06 +0000","HackerNews",false,2,"Article sur l'implémentation d'un système de fichiers pour OpenBSD, sans lien direct avec l'IA pour la programmation","Autre","Technologique","USA","Communauté OpenBSD"
"Make macOS consistently bad (unironically)","https://lr0.org/blog/p/macos/","Fri, 27 Mar 2026 19:15:19 +0000","HackerNews",false,2,"Article critique sur macOS sans rapport direct avec l'IA pour la programmation, davantage une opinion sur l'expérience utilisateur système","Autre","Technologique","USA","Apple"
"Make macOS consistently bad (unironically)","https://lr0.org/blog/p/macos/","Fri, 27 Mar 2026 19:15:19 +0000","HackerNews",false,2,"Article critique sur macOS sans lien direct avec l'IA pour la programmation, davantage un billet d'opinion sur l'expérience utilisateur système","Autre","Technologique","USA","Apple"
"Make macOS consistently bad (unironically)","https://lr0.org/blog/p/macos/","Fri, 27 Mar 2026 19:15:19 +0000","HackerNews",false,2,"Article critique sur macOS sans rapport direct avec l'IA pour la programmation, classé comme opinion/critique système d'exploitation","Autre","Technologique","USA","Apple"
"Make macOS consistently bad (unironically)","https://lr0.org/blog/p/macos/","Fri, 27 Mar 2026 19:15:19 +0000","HackerNews",false,2,"Article critique sur macOS sans rapport direct avec l'IA pour la programmation, classé comme opinion/critique système d'exploitation","Autre","Technologique","USA","Apple"
"Vibe-Coded Ext4 for OpenBSD","https://lwn.net/SubscriberLink/1064541/1a399d572a046fb9/","Fri, 27 Mar 2026 18:51:06 +0000","HackerNews",false,2,"Article sur l'implémentation d'Ext4 pour OpenBSD, sans rapport direct avec l'IA pour la programmation","Autre","Technologique","USA","OpenBSD / LWN"
"Telnyx package compromised on PyPI","https://www.aikido.dev/blog/telnyx-pypi-compromised-teampcp-canisterworm","Fri, 27 Mar 2026 18:13:57 +0000","HackerNews",true,8,"Compromission de package PyPI affectant la sécurité des développeurs et démontrant les risques de la chaîne d'approvisionnement logicielle","Outil","Technologique","USA","Telnyx / PyPI"
"Telnyx Python SDK: Supply Chain Security Notice","https://telnyx.com/resources/telnyx-python-sdk-supply-chain-security-notice-march-2026","Fri, 27 Mar 2026 17:58:52 +0000","HackerNews",true,7,"Notice de sécurité concernant une chaîne d'approvisionnement logicielle pour un SDK Python, relevant des enjeux de sécurité des dépendances en programmation","Outil","Technologique","USA","Telnyx"
"Browser-based SFX synthesizer using WASM/Zig","https://knell.medieval.software/studio","Fri, 27 Mar 2026 16:56:41 +0000","HackerNews",false,2,"Synthétiseur SFX basé navigateur sans lien direct avec l'IA pour la programmation, hors scope de veille IA","Outil","Technologique","USA","knell.medieval.software"
"Memory chip giant SK hynix could help end &#8216;RAMmageddon&#8217; with blockbuster US IPO","https://techcrunch.com/2026/03/27/memory-chip-giant-sk-hynix-could-help-end-rammageddon-with-blockbuster-us-ipo/","Fri, 27 Mar 2026 19:11:28 +0000","TechCrunch AI",false,2,"Article sur une IPO et les capacités de production mémoire, sans lien direct avec l'IA pour la programmation","Autre","Économique","USA","SK hynix"
"VCs are betting billions on AI&#8217;s next wave, so why is OpenAI killing Sora?","https://techcrunch.com/podcast/vcs-are-betting-billions-on-ais-next-wave-so-why-is-openai-killing-sora/","Fri, 27 Mar 2026 15:40:19 +0000","TechCrunch AI",false,2,"Article focalisé sur les enjeux d'infrastructure et immobiliers de l'IA plutôt que sur les technologies de programmation assistée par IA","Autre","Économique","USA","OpenAI"
"OpenAI shuts down Sora while Meta gets shut out in court","https://techcrunch.com/video/openai-shuts-down-sora-while-meta-gets-shut-out-in-court/","Fri, 27 Mar 2026 13:30:00 +0000","TechCrunch AI",false,2,"Article sur les enjeux infrastructurels et légaux de l'IA plutôt que sur des avancées technologiques en programmation ou outils IA.","Autre","Politique","USA","OpenAI, Meta"
"David Sacks is done as AI czar &#8212; here&#8217;s what he&#8217;s doing instead","https://techcrunch.com/2026/03/26/david-sacks-is-done-as-ai-czar-heres-what-hes-doing-instead/","Fri, 27 Mar 2026 01:26:40 +0000","TechCrunch AI",false,2,"Article politique sur les changements de postes gouvernementaux sans lien direct avec les technologies IA pour la programmation","Autre","Politique","USA","David Sacks / Administration Trump"
"Anthropic wins injunction against Trump administration over Defense Department saga","https://techcrunch.com/2026/03/26/anthropic-wins-injunction-against-trump-administration-over-defense-department-saga/","Fri, 27 Mar 2026 01:18:38 +0000","TechCrunch AI",false,2,"Article de nature juridico-politique concernant Anthropic, sans rapport direct avec les avancées technologiques en IA pour la programmation.","Autre","Politique","USA","Anthropic"
"Make macOS consistently bad (unironically)","https://lr0.org/blog/p/macos/","Fri, 27 Mar 2026 19:15:19 +0000","HackerNews",false,2,"Article d'opinion critique sur macOS sans rapport direct avec l'IA pour la programmation","Autre","Technologique","USA","Apple"
"Vibe-Coded Ext4 for OpenBSD","https://lwn.net/SubscriberLink/1064541/1a399d572a046fb9/","Fri, 27 Mar 2026 18:51:06 +0000","HackerNews",false,2,"Article technique sur un système de fichiers (Ext4) pour OpenBSD, sans lien direct avec l'IA pour la programmation","Autre","Technologique","USA","Communauté OpenBSD"
"Browser-based SFX synthesizer using WASM/Zig","https://knell.medieval.software/studio","Fri, 27 Mar 2026 16:56:41 +0000","HackerNews",false,2,"Synthétiseur SFX basé navigateur utilisant WASM/Zig, hors du scope IA pour programmation","Outil","Technologique","Autre","knell.medieval.software"
"Iran-linked hackers have breached FBI director's personal emails","https://www.cnn.com/2026/03/27/politics/iran-linked-hackers-fbi-director-patel","Fri, 27 Mar 2026 16:42:02 +0000","HackerNews",false,2,"Article de cybersécurité/politique sans rapport avec l'IA pour la programmation","Autre","Politique","USA","FBI"
"AI got the blame for the Iran school bombing. The truth is more worrying","https://www.theguardian.com/news/2026/mar/26/ai-got-the-blame-for-the-iran-school-bombing-the-truth-is-far-more-worrying","Fri, 27 Mar 2026 16:39:32 +0000","HackerNews",false,2,"Article géopolitique sur un incident de bombing en Iran avec IA comme bouc émissaire, sans rapport direct avec les technologies de programmation ou outils IA pour développeurs","Autre","Politique","Autre","The Guardian"
"Memory chip giant SK hynix could help end &#8216;RAMmageddon&#8217; with blockbuster US IPO","https://techcrunch.com/2026/03/27/memory-chip-giant-sk-hynix-could-help-end-rammageddon-with-blockbuster-us-ipo/","Fri, 27 Mar 2026 19:11:28 +0000","TechCrunch AI",false,2,"Article centré sur l'IPO et l'économie des semiconducteurs, sans lien direct avec l'IA pour la programmation.","Autre","Économique","Chine","SK hynix"
"VCs are betting billions on AI&#8217;s next wave, so why is OpenAI killing Sora?","https://techcrunch.com/podcast/vcs-are-betting-billions-on-ais-next-wave-so-why-is-openai-killing-sora/","Fri, 27 Mar 2026 15:40:19 +0000","TechCrunch AI",false,2,"Article focalisé sur les enjeux immobiliers et infrastructurels de l'IA plutôt que sur les avancées technologiques en programmation ou outils IA.","Autre","Économique","USA","OpenAI"
"OpenAI shuts down Sora while Meta gets shut out in court","https://techcrunch.com/video/openai-shuts-down-sora-while-meta-gets-shut-out-in-court/","Fri, 27 Mar 2026 13:30:00 +0000","TechCrunch AI",false,2,"Article focalisé sur l'infrastructure et les enjeux fonciers plutôt que sur l'IA pour la programmation","Autre","Économique","USA","OpenAI"
"David Sacks is done as AI czar &#8212; here&#8217;s what he&#8217;s doing instead","https://techcrunch.com/2026/03/26/david-sacks-is-done-as-ai-czar-heres-what-hes-doing-instead/","Fri, 27 Mar 2026 01:26:40 +0000","TechCrunch AI",false,2,"Article politique sur les changements de postes gouvernementaux, sans lien direct avec les technologies IA pour la programmation","Autre","Politique","USA","David Sacks / Administration Trump"
"Anthropic wins injunction against Trump administration over Defense Department saga","https://techcrunch.com/2026/03/26/anthropic-wins-injunction-against-trump-administration-over-defense-department-saga/","Fri, 27 Mar 2026 01:18:38 +0000","TechCrunch AI",false,3,"Article focalisé sur des enjeux juridiques et politiques plutôt que sur des avancées technologiques en IA pour la programmation.","Autre","Politique","USA","Anthropic"
